seed_4_1_1.xosc,4,0.19965702,0.293810099363327,0,0.381460458040237,0.1759519875049591
seed_4_1_1.xosc,4,0.24585633,0.29088819026947,0,0.368039280176163,0.3384711444377899
seed_4_1_1.xosc,4,0.255092,0.294260621070862,0,0.354112297296524,0.3156915307044983
seed_4_1_1.xosc,4,0.29187235,0.217324703931808,0,0.338191628456116,0.3328102827072144
seed_4_1_1.xosc,4,0.34702036,0.308641910552979,0,0.322109550237656,0.22036805748939514
seed_4_1_1.xosc,4,0.29030925,0.226095646619797,0,0.304577827453613,0.11080089211463927
seed_4_1_1.xosc,4,0.23992552,0.164454504847527,0,0.287785112857819,0.07387271523475647
seed_4_1_1.xosc,4,0.22210535,0.201172828674316,0,0.269341915845871,0.1609017848968506
seed_4_1_1.xosc,4,0.27122498,0.155531853437424,0,0.231799066066742,0.2310319244861603
seed_4_1_1.xosc,4,0.1921137,0.162196904420853,0,0.212831020355225,0.16742165386676788
seed_4_1_1.xosc,4,0.16401531,0.127114281058311,0,0.194133624434471,0.10106863081455232
seed_4_1_1.xosc,4,0.20032845,0.0932443514466286,0,0.175951987504959,0.060389358550310135
seed_4_1_1.xosc,4,0.27268982,0.0309198666363955,1,0.158452972769737,0.2608083784580231
seed_4_1_1.xosc,4,0.20477861,0.0520378686487675,1,0.141891956329346,0.09542474150657654
seed_4_1_1.xosc,4,0.21139438,0.0470834784209728,1,0.126297786831856,0.3815162777900696
seed_4_1_1.xosc,4,0.09557075,0.0111897392198443,0,0.0984121933579445,0.14502666890621185
seed_4_1_1.xosc,4,0.111318566,0.0200793333351612,0,0.0866529643535614,0.5312342047691345
seed_4_1_1.xosc,4,0.17948644,0.042110126465559,1,0.0761342495679855,0.2848385274410248
seed_4_1_1.xosc,4,0.15510866,0.0938214957714081,0,0.0671054422855377,0.07288766652345657
seed_4_1_1.xosc,4,0.16515976,0.0319753848016262,0,0.0589870028197765,0.07973286509513855
seed_4_1_1.xosc,4,0.14269942,0.0268973652273417,0,0.0519124418497086,0.2716500163078308
seed_4_1_1.xosc,4,0.16574766,0.237659186124802,0,0.33847114443779,0.07462869584560394
seed_4_1_1.xosc,4,0.124724194,0.185811966657639,0,0.294775873422623,0.31959646940231323
seed_4_1_1.xosc,4,0.12932262,0.169874787330627,0,0.250293403863907,0.13482730090618136
seed_4_1_1.xosc,4,0.11788238,0.137133732438087,0,0.208629935979843,0.05486833676695824
seed_4_1_1.xosc,4,0.16015773,0.204584777355194,0,0.170304179191589,0.2269740104675293
seed_4_1_1.xosc,4,0.17507504,0.213170737028122,0,0.140048816800118,0.07148353010416031
seed_4_1_1.xosc,4,0.16232857,0.196495875716209,0,0.111233651638031,0.3642930090427399
seed_4_1_1.xosc,4,0.21139568,0.276343137025833,0,0.0918344855308533,0.12256871163845062
seed_4_1_1.xosc,4,0.25762525,0.270207762718201,0,0.0692931562662125,0.3655140995979309
seed_4_1_1.xosc,4,0.2733905,0.334967464208603,0,0.0418094173073769,0.2307577431201935
seed_4_1_1.xosc,4,0.19449866,0.22411160171032,0,0.515595555305481,0.16069819033145905
seed_4_1_1.xosc,4,0.18637179,0.37091925740242,1,0.361490190029144,0.11845386773347855
seed_4_1_1.xosc,4,0.23438461,0.322862863540649,0,0.315691530704498,0.06084903329610825
seed_4_1_1.xosc,4,0.20126198,0.211811736226082,0,0.261855244636536,0.05188314616680145
seed_4_1_1.xosc,4,0.17695238,0.214239731431007,0,0.219518885016441,0.3735749423503876
seed_4_1_1.xosc,4,0.22787526,0.224965423345566,0,0.17494709789753,0.2605316936969757
seed_4_1_1.xosc,4,0.117741965,0.213095739483833,0,0.144473284482956,0.06219860538840294
seed_4_1_1.xosc,4,0.14320591,0.199589967727661,0,0.092827707529068,0.030589330941438675
seed_4_1_1.xosc,4,0.18709992,0.167291134595871,0,0.070322722196579,0.005037140101194382
seed_4_1_1.xosc,4,0.18175073,0.100409410893917,0,0.059144489467144,-0.0007029324769973755
seed_4_1_1.xosc,4,0.21272665,0.139121413230896,0,0.0434392429888248,0.0
seed_4_1_1.xosc,4,0.25901142,0.261240273714066,0,0.54011082649231,0.0
seed_4_1_1.xosc,4,0.30474505,0.423872321844101,0,0.380629777908325,-0.0007029324769973755
seed_4_1_1.xosc,4,0.2565649,0.364663451910019,0,0.332810282707214,0.0
seed_4_1_1.xosc,4,0.18900986,0.264907449483871,0,0.27629154920578,0.0
seed_4_1_1.xosc,4,0.26426286,0.225126832723618,0,0.184063106775284,0.0
seed_4_1_1.xosc,4,0.28920406,0.204951286315918,0,0.151635721325874,0.0
seed_4_1_1.xosc,4,0.2451384,0.173060521483421,0,0.117751032114029,0.0
seed_4_1_1.xosc,4,0.27501294,0.192046731710434,0,0.0972349345684052,0.0
seed_4_1_1.xosc,4,0.25937042,0.174554109573364,0,0.0739996805787087,-0.003482135944068432
seed_4_1_1.xosc,4,0.16430393,0.0627534985542297,0,0.0624076463282108,0.004264728166162968
seed_4_1_1.xosc,4,0.30341548,0.159540504217148,1,0.533429622650147,0.0
seed_4_1_1.xosc,4,0.25882545,0.30024579167366,0,0.381039410829544,-0.0007029324769973755
seed_4_1_1.xosc,4,0.23414646,0.435846090316772,1,0.322664022445679,0.0007029324769973755
seed_4_1_1.xosc,4,0.22741678,0.368728220462799,1,0.220368057489395,-0.001217514742165804
seed_4_1_1.xosc,4,0.13712305,0.355559051036835,1,0.181535497307777,-0.009848968125879765
seed_4_1_1.xosc,4,0.22676134,0.326674610376358,0,0.141734078526497,-0.0048028076998889455
seed_4_1_1.xosc,4,0.24476917,0.271654099225998,0,0.116101779043674,0.0009940967429429293
seed_4_1_1.xosc,4,0.19697696,0.196273237466812,0,0.0885828360915184,0.0
seed_4_1_1.xosc,4,0.20314524,0.194836109876633,0,0.0736902803182602,0.0
seed_4_1_1.xosc,4,0.22918619,0.192826956510544,0,0.0548705570399761,-0.002462241798639297
seed_4_1_1.xosc,4,0.15105902,0.185232475399971,0,0.530097246170044,0.0
seed_4_1_1.xosc,4,0.26151273,0.428976118564606,1,0.371695458889008,0.0
seed_4_1_1.xosc,4,0.21911252,0.295254588127136,0,0.266190439462662,-0.00422155112028122
seed_4_1_1.xosc,4,0.26811036,0.274679481983185,0,0.221773505210876,-0.0014681454049423337
seed_4_1_1.xosc,4,0.19907051,0.289556294679642,0,0.175570100545883,-0.003165174275636673
seed_4_1_1.xosc,4,0.22551817,0.168405100703239,0,0.143799051642418,-0.0017593094380572438
seed_4_1_1.xosc,4,0.25548455,0.199609786272049,0,0.110800892114639,-0.0007029324769973755
seed_4_1_1.xosc,4,0.21208924,0.128754690289497,0,0.0912822932004929,0.0017593094380572438
seed_4_1_1.xosc,4,0.17405772,0.135612204670906,0,0.0576892904937267,-0.003482135944068432
seed_4_1_1.xosc,4,0.13878582,0.0876535102725029,0,0.0425794720649719,-0.004185068421065807
seed_4_1_1.xosc,4,0.15886578,0.078953392803669,0,0.540293753147125,-0.0009940967429429293
seed_4_1_1.xosc,4,0.09192304,0.146169424057007,0,0.381128370761871,0.0
seed_4_1_1.xosc,4,0.21714331,0.142241165041924,0,0.334005504846573,0.0
seed_4_1_1.xosc,4,0.20914693,0.266104876995087,0,0.277664005756378,0.002462241798639297
seed_4_1_1.xosc,4,0.19263911,0.255665987730026,0,0.232223629951477,0.0
seed_4_1_1.xosc,4,0.21983068,0.328025192022324,0,0.152359575033188,0.002779203467071057
seed_4_1_1.xosc,4,0.07013167,0.286783039569855,1,0.118227690458298,-0.002462241798639297
seed_4_1_1.xosc,4,0.17988674,0.302916079759598,0,0.0972726792097092,0.0
seed_4_1_1.xosc,4,0.1623794,0.164051860570908,0,0.0738727152347565,-0.003270631656050682
seed_4_1_1.xosc,4,0.15343383,0.287955850362778,1,0.0624857842922211,0.003165174275636673
seed_4_1_1.xosc,4,0.11057422,0.157354727387428,0,0.419494807720184,0.0
seed_4_1_1.xosc,4,0.13189842,0.166505351662636,0,0.296286404132843,0.0
seed_4_1_1.xosc,4,0.21169207,0.261415004730225,0,0.246958822011948,0.0
seed_4_1_1.xosc,4,0.09954947,0.211734905838966,0,0.165397971868515,0.0
seed_4_1_1.xosc,4,0.19513012,0.263821542263031,0,0.136515974998474,-0.002462241798639297
seed_4_1_1.xosc,4,0.16023014,0.153193846344948,0,0.105193987488747,-0.00969448871910572
seed_4_1_1.xosc,4,0.19235973,0.21904493868351,0,0.0864674374461174,-0.0022646209690719843
seed_4_1_1.xosc,4,0.10210748,0.119987189769745,0,0.0647583156824112,0.004099875222891569
seed_4_1_1.xosc,4,0.16484918,0.194062203168869,0,0.054308082908392,0.003518618876114488
seed_4_1_1.xosc,4,0.16976969,0.10183959454298,0,0.039462611079216,0.003518618876114488
seed_4_1_1.xosc,4,0.16303104,0.161770537495613,0,0.160901784896851,0.0030472136568278074
seed_4_1_1.xosc,4,0.14639334,0.145004078745842,0,0.105639666318893,0.0030472136568278074
seed_4_1_1.xosc,4,0.16422915,0.212226927280426,0,0.0690708532929421,0.0030472136568278074
seed_4_1_1.xosc,4,0.124837,0.111500062048435,0,0.0584819316864014,0.0030472136568278074
seed_4_1_1.xosc,4,0.13422528,0.125134482979774,0,0.0424181222915649,0.0030472136568278074
seed_4_1_1.xosc,4,0.12789722,0.112251617014408,0,0.0367693193256855,0.0030472136568278074
seed_4_1_1.xosc,4,0.14869288,0.0834718868136406,0,0.024950560182333,0.0030472136568278074
seed_4_1_1.xosc,4,0.09463657,0.0701745301485062,0,0.0228601023554802,0.0030472136568278074
seed_4_1_1.xosc,4,0.08577538,0.0538071841001511,0,0.0142588196322322,0.002488039201125502
seed_4_1_1.xosc,4,0.119969696,0.0865588933229446,0,0.0142937060445547,0.002488039201125502
seed_4_1_1.xosc,4,0.09816862,0.0685084983706474,0,0.00743940100073814,0.002488039201125502
seed_4_1_1.xosc,4,0.12030306,0.159814983606339,0,0.23103192448616,0.003518618876114488
seed_4_1_1.xosc,4,0.09893646,0.0548842810094357,0,0.159182995557785,0.003518618876114488
seed_4_1_1.xosc,4,0.09192049,0.0942975431680679,0,0.130102008581162,0.003518618876114488
seed_4_1_1.xosc,4,0.12060264,0.106220133602619,0,0.111114449799061,0.002462241798639297
seed_4_1_1.xosc,4,0.11042846,0.198019996285439,0,0.0864421799778938,-0.0009940967429429293
seed_4_1_1.xosc,4,0.100997254,0.191056653857231,0,0.0727024376392365,0.0
seed_4_1_1.xosc,4,0.09958125,0.212236404418945,0,0.0460919439792633,-0.002462241798639297
seed_4_1_1.xosc,4,0.181335,0.223647952079773,0,0.0325983576476574,0.0
seed_4_1_1.xosc,4,0.15045328,0.196765467524529,0,0.0290548987686634,0.0
seed_4_1_1.xosc,4,0.22524112,0.15280619263649,0,0.0195096433162689,0.0007029324769973755
seed_4_1_1.xosc,4,0.21293713,0.191978260874748,0,0.0186919756233692,0.0
seed_4_1_1.xosc,4,0.13082731,0.189471393823624,0,0.413043677806854,0.0007029324769973755
seed_4_1_1.xosc,4,0.12014048,0.160455405712128,0,0.290694445371628,-0.002462241798639297
seed_4_1_1.xosc,4,0.12419939,0.163707911968231,0,0.244771510362625,-0.07475496083498001
seed_4_1_1.xosc,4,0.19664602,0.284644722938538,0,0.167421653866768,-0.1976838707923889
seed_4_1_1.xosc,4,0.27094254,0.338155597448349,0,0.139144837856293,-0.13382142782211304
seed_4_1_1.xosc,4,0.30751726,0.369641482830048,0,0.107655212283134,-0.12621280550956726
seed_4_1_1.xosc,4,0.26081887,0.245608046650887,0,0.0892058163881302,-0.16061358153820038
seed_4_1_1.xosc,4,0.2609702,0.233222499489784,0,0.067038007080555,-0.13695770502090454
seed_4_1_1.xosc,4,0.20991178,0.215424925088882,0,0.0566948056221008,-1.835565120039684e-14
seed_4_1_2.xosc,4,0.24919124,0.26043963432312,0,0.295329630374908,0.1616586595773697
seed_4_1_2.xosc,4,0.21098241,0.232985451817513,0,0.284577041864395,0.3122238516807556
seed_4_1_2.xosc,4,0.21607774,0.247327744960785,0,0.273239523172379,0.3438401222229004
seed_4_1_2.xosc,4,0.18687686,0.245509058237076,0,0.261015027761459,0.1382749229669571
seed_4_1_2.xosc,4,0.23099692,0.242784798145294,0,0.248324066400528,0.2518106997013092
seed_4_1_2.xosc,4,0.16480128,0.156771346926689,0,0.234636813402176,0.08645748347043991
seed_4_1_2.xosc,4,0.20044284,0.168094620108604,0,0.220945239067078,0.0511464923620224
seed_4_1_2.xosc,4,0.18325232,0.152033776044846,0,0.206331923604012,0.3646789491176605
seed_4_1_2.xosc,4,0.19048764,0.185130029916763,0,0.191468507051468,0.210097998380661
seed_4_1_2.xosc,4,0.21211126,0.221791565418243,0,0.17650243639946,0.14197610318660736
seed_4_1_2.xosc,4,0.20904776,0.17932440340519,0,0.16165865957737,0.06669534742832184
seed_4_1_2.xosc,4,0.2384601,0.272781878709793,0,0.133306831121445,0.04100142419338226
seed_4_1_2.xosc,4,0.267328,0.218144863843918,0,0.119926676154137,0.2544640600681305
seed_4_1_2.xosc,4,0.27467567,0.276307225227356,0,0.306005477905273,0.16439354419708252
seed_4_1_2.xosc,4,0.25128096,0.271678298711777,0,0.224651291966438,0.314230740070343
seed_4_1_2.xosc,4,0.22498117,0.218099549412727,0,0.19530288875103,0.20993050932884216
seed_4_1_2.xosc,4,0.20865847,0.209279403090477,0,0.171440824866295,0.13916683197021484
seed_4_1_2.xosc,4,0.108187,0.0947384387254715,0,0.149703621864319,0.08687100559473038
seed_4_1_2.xosc,4,0.14136419,0.108646601438522,0,0.131614282727242,0.04144904017448425
seed_4_1_2.xosc,4,0.21213132,0.194632351398468,0,0.114486135542393,0.3632104992866516
seed_4_1_2.xosc,4,0.15800352,0.155020207166672,0,0.102845869958401,0.21941281855106354
seed_4_1_2.xosc,4,0.13689435,0.151051163673401,0,0.312223851680756,0.09377938508987428
seed_4_1_2.xosc,4,0.08261539,0.108119815587997,0,0.229025885462761,0.11327556520700455
seed_4_1_2.xosc,4,0.10092416,0.0855226516723633,0,0.168597042560577,0.08568714559078218
seed_4_1_2.xosc,4,0.11704171,0.118577852845192,0,0.140573620796204,0.044538989663124084
seed_4_1_2.xosc,4,0.21832289,0.231070905923843,0,0.116046920418739,0.3755417168140411
seed_4_1_2.xosc,4,0.25070202,0.208203122019768,0,0.0945263653993607,0.2750382423400879
seed_4_1_2.xosc,4,0.26554906,0.239624336361885,0,0.321585386991501,0.23927536606788635
seed_4_1_2.xosc,4,0.15728323,0.17714324593544,0,0.228014200925827,0.15248121321201324
seed_4_1_2.xosc,4,0.14527234,0.0964922830462456,0,0.189738139510155,0.13808190822601318
seed_4_1_2.xosc,4,0.14274539,0.098411813378334,0,0.156494334340096,0.3170036375522613
seed_4_1_2.xosc,4,0.18088251,0.153424173593521,0,0.128110140562058,0.2083711475133896
seed_4_1_2.xosc,4,0.1656536,0.172433346509933,0,0.3438401222229,0.2473127692937851
seed_4_1_2.xosc,4,0.1532371,0.119964979588985,0,0.246066823601723,0.3500536382198334
seed_4_1_2.xosc,4,0.17880563,0.154665321111679,0,0.170264422893524,0.3925962746143341
seed_4_1_2.xosc,4,0.24836455,0.225770607590675,0,0.140081778168678,0.056336451321840286
seed_4_1_2.xosc,4,0.22793433,0.222242653369904,0,0.114694982767105,0.06544393301010132
seed_4_1_2.xosc,4,0.21005355,0.18532806634903,0,0.337377607822418,0.13534262776374814
seed_4_1_2.xosc,4,0.23314965,0.235745370388031,0,0.242427378892899,0.16443756222724915
seed_4_1_2.xosc,4,0.27892578,0.267046689987183,0,0.203601703047752,0.22154635190963745
seed_4_1_2.xosc,4,0.28055525,0.235065668821335,0,0.169233739376068,0.12500083446502686
seed_4_1_2.xosc,4,0.27880266,0.240669280290604,0,0.138208210468292,0.11850617080926895
seed_4_1_2.xosc,4,0.19303955,0.184505790472031,0,0.349405080080032,0.0135749327018857
seed_4_1_2.xosc,4,0.23202953,0.223780885338783,0,0.20679672062397,0.005296965129673481
seed_4_1_2.xosc,4,0.1513087,0.10068491846323,0,0.170035123825073,-0.001405864953994751
seed_4_1_2.xosc,4,0.3048483,0.268211185932159,0,0.138274922966957,0.0030472136568278074
seed_4_1_2.xosc,4,0.32356974,0.282636553049088,0,0.112096451222897,-0.0009940967429429293
seed_4_1_2.xosc,4,0.16984546,0.145424604415894,0,0.334361732006073,0.0
seed_4_1_2.xosc,4,0.25170237,0.24269625544548,0,0.239215537905693,-0.0009940967429429293
seed_4_1_2.xosc,4,0.21006551,0.199095502495766,0,0.201217725872993,0.0
seed_4_1_2.xosc,4,0.30951533,0.294045984745026,0,0.16715806722641,-0.002462241798639297
seed_4_1_2.xosc,4,0.17312428,0.13680574297905,0,0.111691139638424,0.0
seed_4_1_2.xosc,4,0.1915359,0.181467279791832,0,0.33896079659462,0.0
seed_4_1_2.xosc,4,0.18618342,0.162392750382423,0,0.242734789848328,0.0
seed_4_1_2.xosc,4,0.12349171,0.0659242197871208,0,0.203635901212692,0.0
seed_4_1_2.xosc,4,0.27355734,0.211429715156555,0,0.168028384447098,-0.0007029324769973755
seed_4_1_2.xosc,4,0.20278132,0.186941921710968,0,0.138238653540611,0.0
seed_4_1_2.xosc,4,0.18518516,0.156576335430145,0,0.351109057664871,0.0
seed_4_1_2.xosc,4,0.07499481,0.0307399928569794,0,0.251810699701309,0.002779203467071057
seed_4_1_2.xosc,4,0.20803897,0.205769494175911,0,0.209152519702911,0.0
seed_4_1_2.xosc,4,0.13535658,0.107757970690727,0,0.140716940164566,0.0
seed_4_1_2.xosc,4,0.32175633,0.303961396217346,0,0.114740416407585,0.003482135944068432
seed_4_1_2.xosc,4,0.32743663,0.272280186414719,0,0.535389423370361,0.0
seed_4_1_2.xosc,4,0.33709618,0.300383627414703,0,0.38005256652832,-0.002462241798639297
seed_4_1_2.xosc,4,0.26904708,0.271514385938644,0,0.321616649627686,0.0
seed_4_1_2.xosc,4,0.24253277,0.235461637377739,0,0.267434328794479,-0.002462241798639297
seed_4_1_2.xosc,4,0.30683148,0.305265128612518,0,0.217603459954262,0.0
seed_4_1_2.xosc,4,0.21873893,0.204554632306099,0,0.138321101665497,0.0
seed_4_1_2.xosc,4,0.16010638,0.142592445015907,0,0.109590895473957,0.002462241798639297
seed_4_1_2.xosc,4,0.11177622,0.0997519493103027,0,0.0864574834704399,0.0
seed_4_1_2.xosc,4,0.16713192,0.131838947534561,0,0.0683079957962036,0.0
seed_4_1_2.xosc,4,0.16744457,0.160664215683937,0,0.0538027212023735,0.0
seed_4_1_2.xosc,4,0.206416,0.239207789301872,0,0.501962125301361,0.003482135944068432
seed_4_1_2.xosc,4,0.14639458,0.152127206325531,0,0.352931708097458,-0.002462241798639297
seed_4_1_2.xosc,4,0.24522114,0.217018097639084,0,0.301741272211075,0.0
seed_4_1_2.xosc,4,0.1758299,0.182229653000832,0,0.251883417367935,-0.0009940967429429293
seed_4_1_2.xosc,4,0.16289726,0.127505302429199,0,0.166540816426277,0.2789369821548462
seed_4_1_2.xosc,4,0.18086538,0.199699133634567,0,0.132368564605713,0.014933166094124315
seed_4_1_2.xosc,4,0.16934735,0.179150268435478,0,0.105244114995003,0.04947279393672943
seed_4_1_2.xosc,4,0.1379181,0.1379075050354,0,0.0830276906490326,0.049175623804330826
seed_4_1_2.xosc,4,0.09666206,0.0554039925336838,0,0.0651133731007576,0.04703119024634361
seed_4_1_2.xosc,4,0.0117202625,-0.0108683155849576,0,0.0511464923620224,0.05404889956116676
seed_4_1_2.xosc,4,0.2220222,0.227278366684914,0,0.0400871969759464,0.39143428206443787
seed_4_1_2.xosc,4,0.2748479,0.27718523144722,0,0.5149005651474,0.33190974593162537
seed_4_1_2.xosc,4,0.2300326,0.215255737304687,0,0.365116477012634,0.3289793133735657
seed_4_1_2.xosc,4,0.2383456,0.242452636361122,0,0.316167175769806,0.2625604867935181
seed_4_1_2.xosc,4,0.27902216,0.295849651098251,0,0.216466009616852,0.22479912638664248
seed_4_1_2.xosc,4,0.2319175,0.224055305123329,0,0.175706565380096,0.21744000911712646
seed_4_1_2.xosc,4,0.2882795,0.333538919687271,0,0.140807971358299,0.22580990195274356
seed_4_1_2.xosc,4,0.21510671,0.174475759267807,0,0.112111464142799,0.14724114537239075
seed_4_1_2.xosc,4,0.17817669,0.166506379842758,0,0.0882368683815002,0.08688824623823166
seed_4_1_2.xosc,4,0.27229357,0.280008137226105,0,0.0696685612201691,0.09167224168777466
seed_4_1_2.xosc,4,0.4353972,0.404171913862228,0,0.0555337257683277,0.060018546879291534
seed_4_1_2.xosc,4,0.38245457,0.327775865793228,0,0.513292908668518,0.4195894002914429
seed_4_1_2.xosc,4,0.36754724,0.410004705190659,0,0.364678949117661,0.09062828123569487
seed_4_1_2.xosc,4,0.21313553,0.228259265422821,0,0.31304544210434,0.13016657531261444
seed_4_1_2.xosc,4,0.20579128,0.185099333524704,0,0.262283056974411,0.2515144944190979
seed_4_1_2.xosc,4,0.24165979,0.251667231321335,0,0.174015209078789,0.16372686624526978
seed_4_1_2.xosc,4,0.21092021,0.196309164166451,0,0.139085128903389,0.08342184126377106
seed_4_1_2.xosc,4,0.16449057,0.125900506973267,0,0.110006861388683,0.05775269865989685
seed_4_1_2.xosc,4,0.14881824,0.133758023381233,0,0.0871081054210663,0.5229353308677673
seed_4_1_2.xosc,4,0.0743951,0.0628116428852081,0,0.0685373693704605,0.3225986957550049
seed_4_1_2.xosc,4,0.14026669,0.145881369709969,0,0.0542109906673431,0.17574188113212585
seed_4_1_2.xosc,4,0.30477723,0.343185901641846,0,0.506980061531067,0.1506231725215912
seed_4_1_2.xosc,4,0.29337597,0.294130474328995,0,0.356680601835251,0.0740523412823677
seed_4_1_2.xosc,4,0.22266516,0.182005420327187,0,0.306512266397476,0.0423191674053669
seed_4_1_2.xosc,4,0.27502507,0.204922795295715,0,0.210097998380661,0.31563591957092285
seed_4_1_2.xosc,4,0.1761471,0.178282335400581,0,0.169234544038773,0.14947310090065002
seed_4_1_2.xosc,4,0.18705389,0.184528395533562,0,0.135249927639961,0.06896629929542543
seed_4_1_2.xosc,4,0.0721609,0.0694276988506317,0,0.107114300131798,0.52916419506073
seed_4_1_2.xosc,4,0.09925013,0.111801914870739,0,0.0844278410077095,0.3208779692649841
seed_4_1_2.xosc,4,0.076517664,0.0758456140756607,0,0.0666671767830849,0.2200889587402344
seed_4_1_2.xosc,4,0.07934846,0.0863673537969589,0,0.0517911948263645,0.08548171818256378
seed_4_1_2.xosc,4,0.19763274,0.146214231848717,0,0.0409150794148445,0.07322404533624649
seed_4_1_2.xosc,4,0.22722942,0.19582337141037,0,0.516396343708038,0.5172922611236572
seed_4_1_2.xosc,4,0.25485831,0.22512574493885,0,0.365219622850418,0.3273599147796631
seed_4_1_2.xosc,4,0.27164507,0.217268854379654,0,0.316484838724136,0.2237454652786255
seed_4_1_2.xosc,4,0.21796831,0.218696340918541,0,0.219473242759705,0.11408364027738573
seed_4_1_2.xosc,4,0.16058068,0.155975803732872,0,0.176690965890884,0.06602086871862411
seed_4_1_2.xosc,4,0.16985102,0.129980355501175,0,0.141976103186607,0.5121487379074097
seed_4_1_2.xosc,4,0.1017901,0.0814460664987564,0,0.11261872202158,0.5098948478698729
seed_4_1_2.xosc,4,0.14388198,0.107191577553749,0,0.0894355177879334,0.37049984931945795
seed_4_1_2.xosc,4,0.16315636,0.113883905112743,0,0.0707899406552315,0.38416463136672974
seed_4_1_2.xosc,4,0.24428684,0.19274115562439,0,0.0551274605095387,0.3117904961109161
seed_4_1_2.xosc,4,0.20102394,0.183283671736717,0,0.513401329517365,0.2693113386631012
seed_4_1_3.xosc,4,-0.23441371,-0.408957809209824,1,-0.514741718769074,-0.20089879631996155
seed_4_1_3.xosc,4,-0.3032901,-0.464145928621292,1,-0.497359871864319,-0.5617291927337646
seed_4_1_3.xosc,4,-0.2665455,-0.344392359256744,0,-0.477734088897705,-0.2102164775133133
seed_4_1_3.xosc,4,-0.22120124,-0.298941045999527,0,-0.434644758701324,-0.20055919885635376
seed_4_1_3.xosc,4,-0.19459161,-0.246458828449249,0,-0.412917762994766,-0.1658881902694702
seed_4_1_3.xosc,4,-0.10202465,-0.283041179180145,1,-0.389808744192123,-0.0220979917794466
seed_4_1_3.xosc,4,-0.13367642,-0.276066869497299,1,-0.342410176992416,-0.07539769262075424
seed_4_1_3.xosc,4,-0.049045764,-0.162566512823105,0,-0.31818151473999,-0.11888322234153748
seed_4_1_3.xosc,4,-0.082091354,-0.239089399576187,1,-0.293142795562744,-0.3471842408180237
seed_4_1_3.xosc,4,-0.11815354,-0.266158521175385,1,-0.269012987613678,-0.5796816945075989
seed_4_1_3.xosc,4,-0.11203333,-0.29000535607338,1,-0.221998512744904,-0.19428730010986328
seed_4_1_3.xosc,4,-0.19482805,-0.443772286176682,1,-0.200119152665138,-0.29617640376091003
seed_4_1_3.xosc,4,-0.10433532,-0.392964065074921,1,-0.524468064308167,-0.18434152007102966
seed_4_1_3.xosc,4,-0.1393217,-0.36383181810379,1,-0.342195570468903,-0.2527782618999481
seed_4_1_3.xosc,4,-0.19824535,-0.341716766357422,1,-0.299075126647949,-0.2161870151758194
seed_4_1_3.xosc,4,-0.116104916,-0.270175844430923,1,-0.22991169989109,-0.23677559196949005
seed_4_1_3.xosc,4,-0.10998692,-0.193660363554955,0,-0.202090740203857,-0.5209656953811646
seed_4_1_3.xosc,4,-0.16240229,-0.252557158470154,0,-0.178453579545021,-0.06931446492671968
seed_4_1_3.xosc,4,-0.18682756,-0.423079162836075,1,-0.15526182949543,-0.01005803979933262
seed_4_1_3.xosc,4,-0.2137861,-0.337691128253937,0,-0.388045966625214,-0.003270631656050682
seed_4_1_3.xosc,4,-0.15988141,-0.224607735872269,0,-0.330380469560623,0.0
seed_4_1_3.xosc,4,-0.1862207,-0.234239086508751,0,-0.278986752033234,0.0
seed_4_1_3.xosc,4,-0.17017883,-0.331600964069366,1,-0.23275600373745,-0.002462241798639297
seed_4_1_3.xosc,4,-0.23058939,-0.267012387514114,0,-0.567184567451477,0.0
seed_4_1_3.xosc,4,-0.24600838,-0.263139307498932,0,-0.412642389535904,0.0
seed_4_1_3.xosc,4,-0.25796115,-0.241646960377693,0,-0.352449148893356,0.0007029324769973755
seed_4_1_3.xosc,4,-0.20200053,-0.226624861359596,0,-0.241291522979736,-0.0048028076998889455
seed_4_1_3.xosc,4,-0.23078136,-0.243858352303505,0,-0.193206369876862,-0.004264728166162968
seed_4_1_3.xosc,4,-0.36201495,-0.531921088695526,1,-0.579685986042023,0.0
seed_4_1_3.xosc,4,-0.3322589,-0.535014510154724,1,-0.419521123170853,-0.002462241798639297
seed_4_1_3.xosc,4,-0.2827221,-0.354101151227951,0,-0.299290657043457,0.0009940967429429293
seed_4_1_3.xosc,4,-0.30661392,-0.347065925598145,0,-0.252131670713425,0.0
seed_4_1_3.xosc,4,-0.28049722,-0.347829133272171,0,-0.204797714948654,-0.002462241798639297
seed_4_1_3.xosc,4,-0.22656001,-0.389080017805099,1,-0.430497795343399,0.0
seed_4_1_3.xosc,4,-0.31279197,-0.382233738899231,0,-0.368688881397247,0.0
seed_4_1_3.xosc,4,-0.37065783,-0.410638213157654,0,-0.304793208837509,-0.02627870813012123
seed_4_1_3.xosc,4,-0.2901247,-0.39024418592453,0,-0.60889196395874,-0.3815305829048157
seed_4_1_3.xosc,4,-0.29368642,-0.450615644454956,1,-0.448758751153946,-0.17171825468540192
seed_4_1_3.xosc,4,-0.40134996,-0.565265119075775,1,-0.373959183692932,-0.18569281697273252
seed_4_1_3.xosc,4,-0.34987834,-0.418466240167618,0,-0.254812389612198,-0.1717412918806076
seed_4_1_3.xosc,4,-0.3667729,-0.483227699995041,0,-0.211668625473976,-0.36987158656120295
seed_4_1_3.xosc,4,-0.31431115,-0.446135610342026,0,-0.579086422920227,-0.3578316569328308
seed_4_1_3.xosc,4,-0.34269184,-0.449557185173035,0,-0.424873352050781,-0.2490866035223007
seed_4_1_3.xosc,4,-0.38873357,-0.371763855218887,0,-0.300122231245041,-0.15357916057109833
seed_4_1_3.xosc,4,-0.26334167,-0.33331373333931,0,-0.243879675865173,-0.4877827763557434
seed_4_1_3.xosc,4,-0.2906492,-0.443701893091202,1,-0.202933683991432,-0.24789875745773315
seed_4_1_3.xosc,4,-0.19789736,-0.333757340908051,0,-0.425184190273285,-0.4878981113433838
seed_4_1_3.xosc,4,-0.2802247,-0.39538186788559,0,-0.356541901826859,-0.21366629004478452
seed_4_1_3.xosc,4,-0.22032747,-0.292361289262772,0,-0.301418572664261,-0.17951717972755432
seed_4_1_3.xosc,4,-0.23887208,-0.233554929494858,0,-0.204482406377792,-0.05177120119333267
seed_4_1_3.xosc,4,-0.25643426,-0.269400954246521,0,-0.58532041311264,-0.16435402631759646
seed_4_1_3.xosc,4,-0.21918704,-0.348698198795319,0,-0.430360704660416,-0.305685818195343
seed_4_1_3.xosc,4,-0.27951315,-0.323438853025436,0,-0.361676603555679,-0.4786263406276703
seed_4_1_3.xosc,4,-0.11938979,-0.239100858569145,0,-0.249933123588562,-0.35005494952201843
seed_4_1_3.xosc,4,-0.19454934,-0.119672015309334,0,-0.208764165639877,-0.27363121509551996
seed_4_1_3.xosc,4,-0.2092657,-0.200018361210823,0,-0.644078195095062,-0.2790186107158661
seed_4_1_3.xosc,4,-0.17956348,-0.237552210688591,0,-0.387090116739273,-0.08761942386627197
seed_4_1_3.xosc,4,-0.24119005,-0.263860583305359,0,-0.3226178586483,-0.3764520287513733
seed_4_1_3.xosc,4,-0.3228117,-0.304782122373581,0,-0.257804811000824,-0.18549886345863345
seed_4_1_3.xosc,4,-0.13078517,-0.229189693927765,0,-0.209827303886414,-0.26939207315444946
seed_4_1_3.xosc,4,-0.15850143,-0.234850212931633,0,-0.13185778260231,-0.05551490187644959
seed_4_1_3.xosc,4,-0.14463529,-0.220249027013779,0,-0.10010714828968,-0.006439012940973043
seed_4_1_3.xosc,4,-0.081713736,-0.194691956043243,0,-0.0819683969020844,-0.0022646209690719843
seed_4_1_3.xosc,4,-0.07412604,-0.217290624976158,1,-0.186128258705139,-0.003352679079398513
seed_4_1_3.xosc,4,-0.017095588,-0.161488428711891,1,-0.124104745686054,0.0
seed_4_1_3.xosc,4,-0.04262031,-0.177381530404091,0,-0.10453237593174,0.0
seed_4_1_3.xosc,4,-0.10498507,-0.195278778672218,0,-0.0806423276662827,0.0
seed_4_1_3.xosc,4,-0.07480257,-0.127968177199364,0,-0.0495543144643307,0.0
seed_4_1_3.xosc,4,-0.10174467,-0.0528601296246052,0,-0.0421541705727577,-0.002462241798639297
seed_4_1_3.xosc,4,-0.0011483951,-0.151661053299904,1,-0.0293302126228809,-0.0007029324769973755
seed_4_1_3.xosc,4,-0.028856652,-0.0477942936122417,0,-0.0170397404581308,-0.0007029324769973755
seed_4_1_3.xosc,4,-0.02255993,-0.0522005818784237,0,-0.0163923911750317,0.0007029324769973755
seed_4_1_3.xosc,4,-0.025259605,-0.00353528931736946,0,-0.0100648235529661,0.0
seed_4_1_3.xosc,4,0.029299704,-0.0394234471023083,0,-0.0105066383257508,0.0
seed_4_1_3.xosc,4,0.048023984,-0.021070646122098,0,-0.078328438103199,-0.11048981547355652
seed_4_1_3.xosc,4,-0.029584268,-0.0940325781702995,0,-0.061273355036974,-0.06500298529863358
seed_4_1_3.xosc,4,0.0023727182,-0.0105658303946257,0,-0.039706502109766,-0.13883253931999207
seed_4_1_3.xosc,4,0.008035356,-0.0335770808160305,0,-0.0349729061126709,-0.2984292805194855
seed_4_1_3.xosc,4,0.043347076,-0.0870692357420921,0,-0.0241490937769413,-0.19474034011363986
seed_4_1_3.xosc,4,0.012479002,-0.0139840869233012,0,-0.0138758365064859,-0.046344839036464684
seed_4_1_3.xosc,4,0.012954061,-0.0393349379301071,0,-0.0146180978044868,-0.06658536940813065
seed_4_1_3.xosc,4,0.053172432,-0.00374313001520932,0,-0.00784096866846085,-0.3800715804100037
seed_4_1_3.xosc,4,0.013850892,-0.00967646297067404,0,-0.048985980451107,-0.2119620144367218
seed_4_1_3.xosc,4,0.032110948,-0.0518992766737938,0,-0.0440261624753475,-0.2043248862028122
seed_4_1_3.xosc,4,0.032609023,0.00476771453395486,0,-0.0320297591388226,-0.10525161027908324
seed_4_1_3.xosc,4,0.025205923,-0.0359819978475571,0,-0.0289991796016693,-0.01691251434385776
seed_4_1_3.xosc,4,0.028557692,-0.0579132288694382,0,-0.0187732055783272,-0.03694373741745949
seed_4_1_3.xosc,4,0.020740429,-0.000648133456707001,0,-0.010960066691041,-0.06158450245857239
seed_4_1_3.xosc,4,0.015855197,-0.0256328172981739,0,-0.00492844032123685,-0.5351060032844543
seed_4_1_3.xosc,4,0.03807759,-0.0197163019329309,0,-0.00763467838987708,-0.2349172383546829
seed_4_1_3.xosc,4,0.037275653,0.00185690016951412,0,-0.00252344971522689,-0.3523794114589691
seed_4_1_3.xosc,4,0.042010304,-0.00584915839135647,0,-0.296342402696609,-0.5415511131286621
seed_4_1_3.xosc,4,-0.0033425286,-0.0201615933328867,0,-0.205726400017738,-0.546897828578949
seed_4_1_3.xosc,4,0.00792482,-0.0259971804916859,0,-0.170759528875351,-0.18200361728668213
seed_4_1_3.xosc,4,-0.027754812,-0.0192960407584906,0,-0.145536422729492,-0.5635251998901367
seed_4_1_3.xosc,4,-0.023303073,-0.0587688684463501,0,-0.0955679416656494,-0.3846000134944916
seed_4_1_3.xosc,4,-0.041749723,-0.0992818400263786,0,-0.0722201243042946,-0.3866893649101257
seed_4_1_3.xosc,4,-0.02339205,-0.0810878276824951,0,-0.0604225546121597,-0.11524023115634917
seed_4_1_3.xosc,4,-0.03280908,-0.13682995736599,0,-0.0376001782715321,-0.03360388055443764
seed_4_1_3.xosc,4,-0.00717499,-0.0708631947636604,0,-0.0261059291660786,-0.006470021791756153
seed_4_1_3.xosc,4,0.015919209,-0.112540900707245,0,-0.023780420422554,0.0009940967429429293
seed_4_1_3.xosc,4,0.031154683,-0.0852193236351013,0,-0.359126806259155,-0.002462241798639297
seed_4_1_3.xosc,4,-0.0065350523,-0.0528774932026863,0,-0.216259017586708,0.0009940967429429293
seed_4_1_3.xosc,4,-0.0033899439,-0.0686039179563522,0,-0.186131834983826,0.0
seed_4_1_3.xosc,4,-0.010057238,-0.0714253857731819,0,-0.150992050766945,0.0
seed_4_1_3.xosc,4,3.606826e-05,-0.0688422024250031,0,-0.482329070568085,-0.003165174275636673
seed_4_1_3.xosc,4,-0.006974393,-0.0493397042155266,0,-0.351013034582138,0.003482135944068432
seed_4_1_3.xosc,4,-0.0040813256,-0.0524306185543537,0,-0.294928222894669,-0.003561795689165592
seed_4_1_3.xosc,4,0.02194344,-0.0872331336140633,0,-0.250657618045807,-0.002779203467071057
seed_4_1_3.xosc,4,0.022637928,-0.240088731050491,1,-0.170513510704041,0.002462241798639297
seed_4_1_3.xosc,4,-0.044728026,-0.211274087429047,1,-0.53319376707077,-0.0007029324769973755
seed_4_1_3.xosc,4,-0.07410869,-0.256973803043365,1,-0.390277057886124,0.0
seed_4_1_3.xosc,4,-0.20388462,-0.301490694284439,0,-0.277661025524139,0.0
seed_4_1_3.xosc,4,-0.094995946,-0.262428402900696,1,-0.22596375644207,0.0007029324769973755
seed_4_1_3.xosc,4,-0.03487951,-0.161588996648788,0,-0.188900962471962,-0.003482135944068432
seed_4_1_3.xosc,4,-0.065560505,-0.15003901720047,0,-0.554067730903626,-0.039758086204528816
seed_4_1_3.xosc,4,-0.111674085,-0.218034103512764,0,-0.341394901275635,-0.10015388578176497
seed_4_1_3.xosc,4,-0.09930657,-0.155933260917664,0,-0.289235562086105,-0.20609129965305328
seed_4_1_3.xosc,4,-0.04504836,-0.195717513561249,1,-0.235700502991676,-0.361718088388443
seed_4_1_3.xosc,4,-0.052759826,-0.223361104726791,1,-0.423309892416,-0.16543638706207275
seed_4_1_3.xosc,4,-0.057149787,-0.308789879083633,1,-0.35984680056572,-0.35676684975624084
seed_4_1_3.xosc,4,-0.13793738,-0.352654784917831,1,-0.295569688081741,-0.16509494185447693
seed_4_1_3.xosc,4,-0.13711958,-0.216960459947586,0,-0.197557300329208,-0.43753781914711
seed_4_1_3.xosc,4,-0.05049088,-0.174448400735855,0,-0.557729423046112,-0.277534544467926
seed_4_1_3.xosc,4,-0.09429027,-0.272672891616821,1,-0.402389377355576,-0.2393662631511688
seed_4_1_4.xosc,4,0.43977943,0.410469859838486,0,0.548627316951752,0.2295946627855301
seed_4_1_4.xosc,4,0.38677713,0.406026601791382,0,0.529835879802704,0.5285636186599731
seed_4_1_4.xosc,4,0.4912306,0.452720761299133,0,0.509117901325226,0.3329407870769501
seed_4_1_4.xosc,4,0.33317715,0.359277129173279,0,0.487243056297302,0.6005575656890869
seed_4_1_4.xosc,4,0.3733877,0.349553465843201,0,0.464854270219803,0.2816206812858581
seed_4_1_4.xosc,4,0.36901456,0.416987717151642,0,0.441501826047897,0.3464839458465576
seed_4_1_4.xosc,4,0.2938223,0.314583748579025,0,0.418189525604248,0.15621867775917053
seed_4_1_4.xosc,4,0.3277813,0.320490628480911,0,0.394221663475037,-0.013252368196845056
seed_4_1_4.xosc,4,0.392149,0.347432345151901,0,0.370196163654327,-0.24985213577747345
seed_4_1_4.xosc,4,0.3372575,0.396923363208771,0,0.345842361450195,-0.1506110429763794
seed_4_1_4.xosc,4,0.40830442,0.359460562467575,0,0.321926862001419,-0.2617098391056061
seed_4_1_4.xosc,4,0.31550807,0.289174288511276,0,0.298069834709167,-0.3063446879386902
seed_4_1_4.xosc,4,0.31694278,0.349695891141891,0,0.274578809738159,-0.28172484040260315
seed_4_1_4.xosc,4,0.34238496,0.329199969768524,0,0.229571744799614,-0.05821416154503822
seed_4_1_4.xosc,4,0.33606339,0.390048772096634,0,0.20837889611721,-0.009967342019081116
seed_4_1_4.xosc,4,0.28144032,0.321640700101852,0,0.540266633033752,-0.15168754756450653
seed_4_1_4.xosc,4,0.30867046,0.396395176649094,0,0.409175127744675,-0.28589925169944763
seed_4_1_4.xosc,4,0.267352,0.25321552157402,0,0.362708210945129,-0.4944437146186829
seed_4_1_4.xosc,4,0.35932982,0.386883437633514,0,0.320151925086975,-0.4573217630386353
seed_4_1_4.xosc,4,0.3389512,0.309068948030472,0,0.280453085899353,-0.4175830483436585
seed_4_1_4.xosc,4,0.32908294,0.322225123643875,0,0.243434056639671,-0.5718242526054382
seed_4_1_4.xosc,4,0.39950767,0.349828004837036,0,0.211595311760902,-0.6465682983398438
seed_4_1_4.xosc,4,0.37046742,0.394915401935577,0,0.211595311760902,-0.07159238308668138
seed_4_1_4.xosc,4,0.33170876,0.348150461912155,0,0.181214466691017,-0.01966241560876369
seed_4_1_4.xosc,4,0.4025022,0.378798425197601,0,0.15454438328743,-0.006063560489565134
seed_4_1_4.xosc,4,0.3566683,0.314899772405624,0,0.528448045253754,0.0007029324769973755
seed_4_1_4.xosc,4,0.34230775,0.364671856164932,0,0.38828843832016,0.0
seed_4_1_4.xosc,4,0.3706545,0.438922256231308,0,0.335515767335892,-0.003482135944068432
seed_4_1_4.xosc,4,0.6154692,0.533990263938904,0,0.287206262350082,0.0007029324769973755
seed_4_1_4.xosc,4,0.3960021,0.444323033094406,0,0.244608461856842,0.002462241798639297
seed_4_1_4.xosc,4,0.41667366,0.441655457019806,0,0.203602105379105,-0.0009940967429429293
seed_4_1_4.xosc,4,0.59950095,0.539460182189941,0,0.161508068442345,0.0
seed_4_1_4.xosc,4,0.4913157,0.494105666875839,0,0.540238678455353,0.0007029324769973755
seed_4_1_4.xosc,4,0.43119246,0.399622917175293,0,0.380260229110718,-0.011645039543509485
seed_4_1_4.xosc,4,0.39652684,0.384557783603668,0,0.310880929231644,-0.01143058855086565
seed_4_1_4.xosc,4,0.39482003,0.373473703861237,0,0.238097876310348,-0.011669941246509552
seed_4_1_4.xosc,4,0.3177599,0.338559448719025,0,0.175679355859756,-0.011669941246509552
seed_4_1_4.xosc,4,0.32958472,0.328673362731934,0,0.133830025792122,-0.011669941246509552
seed_4_1_4.xosc,4,0.2691086,0.274217009544373,0,0.521642923355103,-0.011669941246509552
seed_4_1_4.xosc,4,0.31235993,0.364123106002808,0,0.381356567144394,-0.010139621794223784
seed_4_1_4.xosc,4,0.33467355,0.317895174026489,0,0.333555191755295,-0.0042916121892631045
seed_4_1_4.xosc,4,0.32670912,0.318027526140213,0,0.285950660705566,-0.0014681454049423337
seed_4_1_4.xosc,4,0.34648067,0.327778965234756,0,0.241185545921326,0.0
seed_4_1_4.xosc,4,0.37250155,0.373130708932877,0,0.606692671775818,-0.0009940967429429293
seed_4_1_4.xosc,4,0.47855783,0.583990395069122,0,0.454788535833359,-0.021438142284750942
seed_4_1_4.xosc,4,0.3232132,0.363211125135422,0,0.339189887046814,0.0007029324769973755
seed_4_1_4.xosc,4,0.3390849,0.303445786237717,0,0.339189887046814,0.0
seed_4_1_4.xosc,4,0.3662051,0.346316695213318,0,0.237951815128326,0.0
seed_4_1_4.xosc,4,0.33657137,0.362322777509689,0,0.605356216430664,0.002462241798639297
seed_4_1_4.xosc,4,0.32356772,0.296818405389786,0,0.605356216430664,0.0
seed_4_1_4.xosc,4,0.382257,0.354256153106689,0,0.450394809246063,0.0
seed_4_1_4.xosc,4,0.31503806,0.300511360168457,0,0.390244007110596,0.002462241798639297
seed_4_1_4.xosc,4,0.32536957,0.337034821510315,0,0.329784363508224,0.0
seed_4_1_4.xosc,4,0.27724677,0.320831596851349,0,0.276268541812897,0.002462241798639297
seed_4_1_4.xosc,4,0.3298719,0.34096160531044,0,0.227644860744476,0.0
seed_4_1_4.xosc,4,0.40119612,0.34534615278244,0,0.600665807723999,0.0
seed_4_1_4.xosc,4,0.42013046,0.403256267309189,0,0.444950610399246,0.0
seed_4_1_4.xosc,4,0.3899944,0.364222377538681,0,0.38672548532486,0.0
seed_4_1_4.xosc,4,0.28132048,0.325733691453934,0,0.328945010900497,0.0
seed_4_1_4.xosc,4,0.3237318,0.326473534107208,0,0.27596127986908,0.002462241798639297
seed_4_1_4.xosc,4,0.38625243,0.378264605998993,0,0.601225972175598,0.0
seed_4_1_4.xosc,4,0.31046033,0.32173278927803,0,0.446202784776688,0.012955412268638609
seed_4_1_4.xosc,4,0.34956673,0.325688123703003,0,0.388583093881607,0.014787763357162476
seed_4_1_4.xosc,4,0.41032863,0.447815656661987,0,0.329096138477325,0.0037069690879434343
seed_4_1_4.xosc,4,0.31936866,0.315810531377792,0,0.276047468185425,0.003518618876114488
seed_4_1_4.xosc,4,0.34493855,0.38899239897728,0,0.226891845464706,0.003518618876114488
seed_4_1_4.xosc,4,0.37055725,0.382524818181992,0,0.601575911045074,0.003518618876114488
seed_4_1_4.xosc,4,0.33393094,0.362976610660553,0,0.448552370071411,0.003518618876114488
seed_4_1_4.xosc,4,0.35454085,0.327200770378113,0,0.39171639084816,0.002076270990073681
seed_4_1_4.xosc,4,0.3910887,0.411153882741928,0,0.33356636762619,0.017682252451777458
seed_4_1_4.xosc,4,0.29537314,0.251445770263672,0,0.33356636762619,-0.5075852870941162
seed_4_1_4.xosc,4,0.3390151,0.242039084434509,0,0.281468957662582,-0.7265992760658264
seed_4_1_4.xosc,4,0.34334487,0.267438560724258,0,0.232162326574326,-1.8975794315338133
seed_4_1_4.xosc,4,0.56367874,0.48381769657135,0,0.448032438755035,-0.2611762285232544
seed_4_1_4.xosc,4,0.46424896,0.429824769496918,0,0.388786107301712,3.2000000476837163
seed_4_1_4.xosc,4,0.42116126,0.441844016313553,0,0.388786107301712,0.4602549076080322
seed_4_1_4.xosc,4,0.2502641,0.305894732475281,0,0.32826817035675,-0.1959635466337204
seed_4_1_4.xosc,4,0.02933662,0.30473580956459,1,0.274998277425766,-0.050773445516824715
seed_4_1_4.xosc,4,0.29603595,0.441588222980499,1,0.22694157063961,0.008385146968066692
seed_4_1_4.xosc,4,0.4516379,0.539147615432739,0,0.600495636463165,-0.011140239425003529
seed_4_1_4.xosc,4,0.37333462,0.435153901576996,0,0.447966307401657,-0.003482135944068432
seed_4_1_4.xosc,4,0.5074395,0.46644538640976,0,0.391768008470535,-0.002462241798639297
seed_4_1_4.xosc,4,0.4173145,0.435553789138794,0,0.334028214216232,-0.002488039201125502
seed_4_1_4.xosc,4,0.36444145,0.396117925643921,0,0.281897991895676,-0.002779203467071057
seed_4_1_4.xosc,4,0.35847497,0.314833670854568,0,0.626797735691071,-0.002488039201125502
seed_4_1_4.xosc,4,0.53505576,0.50432288646698,0,0.407911479473114,-0.002488039201125502
seed_4_1_4.xosc,4,0.45139834,0.419179111719132,0,0.407911479473114,-0.002462241798639297
seed_4_1_4.xosc,4,0.34333873,0.330321401357651,0,0.346578121185303,-0.2273410558700561
seed_4_1_4.xosc,4,0.3087204,0.359675019979477,0,0.287028193473816,-0.7378928661346436
seed_4_1_4.xosc,4,0.29107094,0.361817419528961,0,0.236903697252274,-1.2399576902389526
seed_4_1_4.xosc,4,0.38718733,0.325024336576462,0,0.593394696712494,-0.7838088274002075
seed_4_1_4.xosc,4,0.297101,0.350790500640869,0,0.378128707408905,1.459450602531433
seed_4_1_4.xosc,4,0.35783297,0.353983163833618,0,0.320046693086624,0.14541096985340118
seed_4_1_4.xosc,4,0.30302036,0.257335424423218,0,0.264369130134583,0.02327001839876175
seed_4_1_4.xosc,4,0.35144973,0.315093874931335,0,0.219112560153007,0.007369648665189744
seed_4_1_4.xosc,4,0.41417724,0.393439501523972,0,0.689123272895813,-0.001217514742165804
seed_4_1_4.xosc,4,0.44951984,0.451029449701309,0,0.50528359413147,0.0
seed_4_1_4.xosc,4,0.43940526,0.451800167560577,0,0.438641548156738,0.03288418427109718
seed_4_1_4.xosc,4,0.2171907,0.171385645866394,0,0.372424334287643,1.9800729751586916
seed_4_1_4.xosc,4,0.19476703,0.192929834127426,0,0.306062400341034,-0.2967634499073029
seed_4_1_4.xosc,4,0.105804995,0.12840735912323,0,0.248428896069527,3.1055617332458496
seed_4_1_4.xosc,4,0.054128904,0.0522873513400555,0,0.197176873683929,0.4397378265857697
seed_4_1_4.xosc,4,0.10387424,0.103781081736088,0,0.156252056360245,-0.06938839703798294
seed_4_1_4.xosc,4,0.05981724,0.0372929349541664,0,0.156252056360245,-0.055647362023592
seed_4_1_4.xosc,4,0.013326097,0.0231146719306707,0,0.120370201766491,0.18629242479801175
seed_4_1_4.xosc,4,0.005496376,0.0146033028140664,0,0.0687893331050873,1.874545335769653
seed_4_1_4.xosc,4,-0.01021316,0.000100798904895782,0,0.0687893331050873,1.9815993309021
seed_4_1_4.xosc,4,0.035462424,0.0316192470490932,0,0.0529021769762039,-0.0620800219476223
seed_4_1_4.xosc,4,-0.017389746,-0.0104566384106874,0,-0.156652867794037,-0.026730921119451526
seed_4_1_4.xosc,4,-0.030373465,-0.0694223865866661,0,-0.104046851396561,-0.012033003382384777
seed_4_1_4.xosc,4,-0.059930313,-0.0588257126510143,0,-0.0832259804010391,-0.02147669903934002
seed_4_1_4.xosc,4,-0.06761712,-0.153825879096985,0,-0.072165921330452,-0.0012447271728888154
seed_4_1_4.xosc,4,-0.1441549,-0.0900592133402824,0,-0.058320689946413,-0.0022646209690719843
seed_4_1_4.xosc,4,-0.10770628,-0.0719967111945152,0,-0.058320689946413,0.0009940967429429293
seed_4_1_4.xosc,4,-0.014561806,-0.0206081047654152,0,-0.048493605107069,0.0
seed_4_1_4.xosc,4,-0.023016948,-0.0325361900031567,0,-0.0373870991170406,0.0
seed_4_1_4.xosc,4,-0.05529186,-0.0595692843198776,0,-0.0307963266968727,0.0007029324769973755
seed_4_1_4.xosc,4,-0.05836825,-0.0691842809319496,0,-0.0227969121187925,0.0
seed_4_1_4.xosc,4,-0.0552703,-0.0981034934520721,0,-0.019474433735013,0.0
seed_4_1_4.xosc,4,-0.063156635,-0.0481855534017086,0,-0.0135003607720137,0.0
seed_4_1_4.xosc,4,-0.07900345,-0.118407644331455,0,-0.263026475906372,0.0
seed_4_1_4.xosc,4,-0.2060508,-0.262811601161957,0,-0.183836698532105,0.0
seed_4_1_4.xosc,4,-0.14685751,-0.214980751276016,0,-0.162850126624107,0.0
seed_4_1_4.xosc,4,-0.22882582,-0.309661239385605,0,-0.138992518186569,0.0
seed_4_1_4.xosc,4,-0.19729064,-0.226220697164536,0,-0.117941662669182,0.0
seed_4_1_5.xosc,4,0.019926611,-0.0562008693814278,0,-0.175952151417732,-0.0668107196688652
seed_4_1_5.xosc,4,-0.014009835,-0.0377519503235817,0,-0.168913722038269,-0.23416201770305636
seed_4_1_5.xosc,4,-0.05239494,-0.0963020920753479,0,-0.161279395222664,-0.23205718398094174
seed_4_1_5.xosc,4,-0.03902571,-0.0707002580165863,0,-0.153458222746849,-0.5862405896186829
seed_4_1_5.xosc,4,-0.022583948,-0.0510884448885918,0,-0.145461186766624,-0.3770579099655152
seed_4_1_5.xosc,4,0.002430028,-0.00780583685263991,0,-0.137326166033745,-0.36994990706443787
seed_4_1_5.xosc,4,0.044944834,-0.00570685369893909,0,-0.129122465848923,-0.3748375475406647
seed_4_1_5.xosc,4,0.040165663,0.0326586924493313,0,-0.120955221354961,-0.31223180890083313
seed_4_1_5.xosc,4,0.013806221,-0.00922109372913837,0,-0.112880043685436,-0.10013867914676666
seed_4_1_5.xosc,4,0.015857492,-0.00725253485143185,0,-0.104730568826199,-0.03992224484682083
seed_4_1_5.xosc,4,-0.014866786,-0.0458715781569481,0,-0.0967951416969299,0.04735703766345978
seed_4_1_5.xosc,4,-0.0936719,-0.111740164458752,0,-0.0889138430356979,0.21833385527133944
seed_4_1_5.xosc,4,-0.10213288,-0.0862931460142136,0,-0.0813232064247131,0.466184675693512
seed_4_1_5.xosc,4,-0.09051521,-0.0750737488269806,0,-0.0738905593752861,0.2926613688468933
seed_4_1_5.xosc,4,-0.12968056,-0.122270159423351,0,-0.0668107196688652,0.2306418269872665
seed_4_1_5.xosc,4,-0.14447732,-0.141096532344818,0,-0.0600073933601379,0.4585450291633606
seed_4_1_5.xosc,4,-0.15422864,-0.144877135753632,0,-0.053480789065361,0.233038142323494
seed_4_1_5.xosc,4,-0.083606616,-0.109264574944973,0,-0.0474323369562626,0.2818838953971863
seed_4_1_5.xosc,4,-0.054459095,-0.0297683775424957,0,-0.0417597480118275,0.4413896501064301
seed_4_1_5.xosc,4,-0.026155343,-0.0338587239384651,0,-0.0366098918020725,0.3883691430091858
seed_4_1_5.xosc,4,-0.075664215,-0.088927648961544,0,-0.0317535623908043,0.5075576305389404
seed_4_1_5.xosc,4,-0.022762261,-0.0453599020838738,0,-0.0274212826043367,-0.05868427455425264
seed_4_1_5.xosc,4,-0.0058409628,-0.0197158548980951,0,-0.0234035756438971,-0.3696309924125672
seed_4_1_5.xosc,4,0.047107425,0.0458819307386875,0,-0.019222266972065,-0.250145822763443
seed_4_1_5.xosc,4,0.020938741,0.0136334048584104,0,-0.0162755660712719,-0.18159784376621246
seed_4_1_5.xosc,4,0.059083503,0.0476321280002594,0,-0.0141516858711839,-0.2961989641189575
seed_4_1_5.xosc,4,0.0112678185,0.0146024683490396,0,-0.375582665205002,-0.25808948278427124
seed_4_1_5.xosc,4,-0.10546271,-0.0850447565317154,0,-0.263404726982117,-0.2290278971195221
seed_4_1_5.xosc,4,-0.10263165,-0.102909415960312,0,-0.234162017703056,-0.0451650619506836
seed_4_1_5.xosc,4,-0.1693953,-0.199854925274849,0,-0.204789072275162,-0.00758453644812107
seed_4_1_5.xosc,4,-0.2562564,-0.22728531062603,0,-0.176755622029305,-0.11752403527498245
seed_4_1_5.xosc,4,-0.2491044,-0.22249872982502,0,-0.145109921693802,-0.3417814671993256
seed_4_1_5.xosc,4,-0.25943172,-0.221861302852631,0,-0.114136070013046,-0.3239287436008453
seed_4_1_5.xosc,4,-0.24477942,-0.225570932030678,0,-0.477373123168945,-0.2145676463842392
seed_4_1_5.xosc,4,-0.26698294,-0.291950136423111,0,-0.330422252416611,-0.5506668090820312
seed_4_1_5.xosc,4,-0.32422727,-0.303632915019989,0,-0.270801603794098,-0.5862122178077698
seed_4_1_5.xosc,4,-0.35102943,-0.306857109069824,0,-0.207895845174789,-0.3803533315658569
seed_4_1_5.xosc,4,-0.36338857,-0.364233762025833,0,-0.150534629821777,0.010792627930641173
seed_4_1_5.xosc,4,-0.21005984,-0.217982634902,0,-0.111643247306347,-0.02181179821491241
seed_4_1_5.xosc,4,-0.18316254,-0.286180883646011,0,-0.0850056931376457,-0.0067849564366042605
seed_4_1_5.xosc,4,-0.24626032,-0.225998312234879,0,-0.484549820423126,-0.0022646209690719843
seed_4_1_5.xosc,4,-0.36295268,-0.378562659025192,0,-0.353628754615784,0.0
seed_4_1_5.xosc,4,-0.25183114,-0.293003916740417,0,-0.314507514238358,0.0007029324769973755
seed_4_1_5.xosc,4,-0.24160428,-0.252433001995087,0,-0.232057183980942,0.0
seed_4_1_5.xosc,4,-0.23263076,-0.23928801715374,0,-0.193173751235008,0.0
seed_4_1_5.xosc,4,-0.32187745,-0.328669756650925,0,-0.573618888854981,0.0
seed_4_1_5.xosc,4,-0.4342578,-0.443143755197525,0,-0.424268931150436,0.0
seed_4_1_5.xosc,4,-0.36596772,-0.385008901357651,0,-0.365138292312622,0.0
seed_4_1_5.xosc,4,-0.21002883,-0.219278112053871,0,-0.304570466279984,0.0
seed_4_1_5.xosc,4,-0.2845904,-0.29972431063652,0,-0.253431707620621,0.002488039201125502
seed_4_1_5.xosc,4,-0.37907422,-0.322966068983078,0,-0.206936895847321,0.0017593094380572438
seed_4_1_5.xosc,4,-0.31877354,-0.311334073543549,0,-0.168847545981407,0.0017593094380572438
seed_4_1_5.xosc,4,-0.30220762,-0.369786471128464,0,-0.168847545981407,0.0017593094380572438
seed_4_1_5.xosc,4,-0.3001962,-0.289630383253098,0,-0.562348663806915,0.0017593094380572438
seed_4_1_5.xosc,4,-0.29534784,-0.28580704331398,0,-0.410989433526993,0.002488039201125502
seed_4_1_5.xosc,4,-0.3625907,-0.332663327455521,0,-0.355998694896698,0.002462241798639297
seed_4_1_5.xosc,4,-0.33666906,-0.372509956359863,0,-0.303882747888565,-0.0007029324769973755
seed_4_1_5.xosc,4,-0.47505593,-0.453386962413788,0,-0.25305563211441,-0.005392467137426138
seed_4_1_5.xosc,4,-0.39278874,-0.434065073728561,0,-0.210736379027367,0.0017593094380572438
seed_4_1_5.xosc,4,-0.3030521,-0.287044733762741,0,-0.586240589618683,-0.002462241798639297
seed_4_1_5.xosc,4,-0.43751934,-0.403236031532288,0,-0.435759156942368,0.0
seed_4_1_5.xosc,4,-0.21393739,-0.260713130235672,0,-0.376964718103409,0.0
seed_4_1_5.xosc,4,-0.33780754,-0.316003113985062,0,-0.319627195596695,0.0
seed_4_1_5.xosc,4,-0.3945181,-0.35511776804924,0,-0.265194475650787,0.0017593094380572438
seed_4_1_5.xosc,4,-0.32683036,-0.354899644851685,0,-0.218078792095184,0.0
seed_4_1_5.xosc,4,-0.20109175,-0.248743683099747,0,-0.176192536950111,0.0
seed_4_1_5.xosc,4,-0.27253306,-0.323813289403915,0,-0.569365680217743,0.0
seed_4_1_5.xosc,4,-0.40604275,-0.402120023965836,0,-0.418353319168091,0.0
seed_4_1_5.xosc,4,-0.24586965,-0.261982023715973,0,-0.365673810243607,0.0
seed_4_1_5.xosc,4,-0.33514434,-0.366353720426559,0,-0.309482276439667,0.0
seed_4_1_5.xosc,4,-0.35107878,-0.336496025323868,0,-0.260141432285309,0.0
seed_4_1_5.xosc,4,-0.3313446,-0.295632094144821,0,-0.21424189209938,0.0
seed_4_1_5.xosc,4,-0.27689272,-0.32526421546936,0,-0.590438961982727,0.0
seed_4_1_5.xosc,4,-0.2845004,-0.314068257808685,0,-0.436432242393494,0.0007029324769973755
seed_4_1_5.xosc,4,-0.29557535,-0.30908015370369,0,-0.377057909965515,0.0
seed_4_1_5.xosc,4,-0.29806238,-0.301202446222305,0,-0.316876620054245,0.0
seed_4_1_5.xosc,4,-0.26613602,-0.317049860954285,0,-0.264835804700851,0.0
seed_4_1_5.xosc,4,-0.3124834,-0.342860102653503,0,-0.216541588306427,0.0063343052752316
seed_4_1_5.xosc,4,-0.28292632,-0.364298820495605,0,-0.176831230521202,-0.0014681454049423337
seed_4_1_5.xosc,4,-0.35099867,-0.370658367872238,0,-0.566398680210114,0.0
seed_4_1_5.xosc,4,-0.3990302,-0.381240636110306,0,-0.417699605226517,-0.006247607991099358
seed_4_1_5.xosc,4,-0.49681467,-0.556926310062408,0,-0.360764473676682,-0.0065827337093651295
seed_4_1_5.xosc,4,-0.33535883,-0.343089431524277,0,-0.307480454444885,-0.0065827337093651295
seed_4_1_5.xosc,4,-0.37570924,-0.413440495729446,0,-0.255761414766312,-0.0065827337093651295
seed_4_1_5.xosc,4,-0.44962028,-0.465784162282944,0,-0.212247088551521,-0.0065827337093651295
seed_4_1_5.xosc,4,-0.39513165,-0.407656639814377,0,-0.586464047431946,-0.006813776679337025
seed_4_1_5.xosc,4,-0.47863162,-0.458200305700302,0,-0.432638347148895,0.012740337289869784
seed_4_1_5.xosc,4,-0.46277153,-0.440314501523972,0,-0.369949907064438,-0.06363192200660706
seed_4_1_5.xosc,4,-0.2937504,-0.262523114681244,0,-0.313863337039947,-0.7823399901390076
seed_4_1_5.xosc,4,-0.28917444,-0.323368728160858,0,-0.259857207536697,-1.6828566789627075
seed_4_1_5.xosc,4,-0.389777,-0.467211127281189,0,-0.259857207536697,-0.7485997080802917
seed_4_1_5.xosc,4,-0.3246267,-0.465896993875504,1,-0.213609039783478,3.2000000476837163
seed_4_1_5.xosc,4,-0.29443508,-0.339288860559463,0,-0.172760248184204,1.1940443515777588
seed_4_1_5.xosc,4,-0.47522587,-0.469275027513504,0,-0.565827012062073,-0.3339278399944305
seed_4_1_5.xosc,4,-0.3592439,-0.402758479118347,0,-0.416061937808991,-0.10269293934106828
seed_4_1_5.xosc,4,-0.4301238,-0.40423983335495,0,-0.363673835992813,-0.03566015511751175
seed_4_1_5.xosc,4,-0.37267405,-0.38214385509491,0,-0.307241916656494,0.002076270990073681
seed_4_1_5.xosc,4,-0.3449662,-0.383042603731155,0,-0.25782522559166,-0.0012447271728888154
seed_4_1_5.xosc,4,-0.35168105,-0.418282836675644,0,-0.212122157216072,-0.002462241798639297
seed_4_1_5.xosc,4,-0.51674,-0.503911316394806,0,-0.588412463665009,-0.0014681454049423337
seed_4_1_5.xosc,4,-0.57858205,-0.549267053604126,0,-0.374837547540665,0.0
seed_4_1_5.xosc,4,-0.3113242,-0.316909432411194,0,-0.316013634204864,0.0
seed_4_1_5.xosc,4,-0.2736065,-0.293469220399857,0,-0.263259768486023,0.0
seed_4_1_5.xosc,4,-0.2690274,-0.371104866266251,0,-0.214956372976303,0.0
seed_4_1_5.xosc,4,-0.27429503,-0.22010612487793,0,-0.175951570272446,0.0
seed_4_1_5.xosc,4,-0.36790264,-0.33837965130806,0,-0.566318035125732,-0.4897812008857727
seed_4_1_5.xosc,4,-0.3593193,-0.357638210058212,0,-0.417380660772324,-0.955037534236908
seed_4_1_5.xosc,4,-0.24994172,-0.271405011415482,0,-0.359790444374084,-2.37514877319336
seed_4_1_5.xosc,4,-0.27660412,-0.276392638683319,0,-0.306142926216125,0.6390462517738342
seed_4_1_5.xosc,4,-0.21987917,-0.24885119497776,0,-0.254174411296844,0.8533430695533752
seed_4_1_5.xosc,4,-0.17282559,-0.191595643758774,0,-0.254174411296844,0.08930686116218567
seed_4_1_5.xosc,4,-0.28271535,-0.235719010233879,0,-0.210600197315216,0.01861379668116569
seed_4_1_5.xosc,4,-0.39666605,-0.457052737474442,0,-0.585606098175049,0.004043043591082096
seed_4_1_5.xosc,4,-0.46596566,-0.464695602655411,0,-0.430905282497406,0.0
seed_4_1_5.xosc,4,-0.38663557,-0.431443393230438,0,-0.312231808900833,0.0
seed_4_1_5.xosc,4,-0.36168814,-0.357476204633713,0,-0.312231808900833,0.6337141394615173
seed_4_1_5.xosc,4,-0.20777361,-0.224619746208191,0,-0.257836192846298,1.943775296211243
seed_4_1_5.xosc,4,-0.26380587,-0.252584278583527,0,-0.212913498282433,-0.21292218565940854
seed_4_1_5.xosc,4,-0.15855284,-0.250046879053116,0,-0.171505004167557,3.07785964012146
seed_4_1_5.xosc,4,-0.55257106,-0.518163561820984,0,-0.771504998207092,0.6008782982826233
seed_4_1_5.xosc,4,-0.40934595,-0.440554916858673,0,-0.598435401916504,-0.03826368600130081
seed_4_1_5.xosc,4,-0.35481218,-0.385651677846909,0,-0.457376331090927,-0.004852266516536474
seed_4_1_5.xosc,4,-0.31823,-0.341875553131104,0,-0.384310334920883,1.5130014419555664
seed_4_1_5.xosc,4,-0.14716223,-0.166024804115295,0,-0.314909100532532,1.9309009313583372
seed_4_1_5.xosc,4,-0.29792148,-0.295128375291824,0,-0.255622535943985,0.7557989358901978
seed_4_1_6.xosc,4,-0.22648145,-0.150119066238403,0,-0.43683597445488,-0.1302018016576767
seed_4_1_6.xosc,4,-0.19837661,-0.202024504542351,0,-0.419063448905945,-0.011810962110757828
seed_4_1_6.xosc,4,-0.29564178,-0.243131786584854,0,-0.399343371391296,-0.003518618876114488
seed_4_1_6.xosc,4,-0.3341662,-0.355884104967117,0,-0.378877580165863,-0.002076270990073681
seed_4_1_6.xosc,4,-0.30181208,-0.33087757229805,0,-0.358222663402557,-0.027376743033528328
seed_4_1_6.xosc,4,-0.38118923,-0.328138321638107,0,-0.336615145206451,-0.38546836376190186
seed_4_1_6.xosc,4,-0.2299466,-0.292496681213379,0,-0.314988434314728,-0.6620668172836304
seed_4_1_6.xosc,4,-0.058257125,-0.0918924883008003,0,-0.270764768123627,-0.5177534818649292
seed_4_1_6.xosc,4,-0.091269135,-0.128368034958839,0,-0.248812511563301,-0.5190188884735107
seed_4_1_6.xosc,4,-0.09983229,-0.0926202014088631,0,-0.227196499705315,-0.5097337365150452
seed_4_1_6.xosc,4,-0.18604453,-0.168280392885208,0,-0.206051260232925,-0.1026078164577484
seed_4_1_6.xosc,4,-0.21643949,-0.19800628721714,0,-0.185826539993286,-0.009949127212166786
seed_4_1_6.xosc,4,-0.062842056,-0.104331605136395,0,-0.16658428311348,-0.0006024573231115937
seed_4_1_6.xosc,4,-0.08955374,-0.0727199018001556,0,-0.147764295339584,-0.006031236611306667
seed_4_1_6.xosc,4,-0.087645225,-0.124780848622322,0,-0.130201801657677,0.0
seed_4_1_6.xosc,4,-0.1343783,-0.193432673811913,0,-0.130201801657677,0.0
seed_4_1_6.xosc,4,-0.14073113,-0.107534371316433,0,-0.113949216902256,0.0
seed_4_1_6.xosc,4,-0.06824829,-0.0785728842020035,0,-0.0863455608487129,0.0
seed_4_1_6.xosc,4,-0.019637482,-0.0653067380189896,0,-0.0733931139111519,0.0007029324769973755
seed_4_1_6.xosc,4,-0.09918709,-0.0750522911548615,0,-0.0626621320843697,0.0007029324769973755
seed_4_1_6.xosc,4,-0.04900672,-0.0581054389476776,0,-0.0626621320843697,-0.003482135944068432
seed_4_1_6.xosc,4,-0.13688394,-0.190086752176285,0,-0.0519329383969307,0.0
seed_4_1_6.xosc,4,-0.09674294,-0.0653154328465462,0,-0.0434833392500877,0.0017593094380572438
seed_4_1_6.xosc,4,-0.05505511,-0.0348649993538856,0,-0.0355015657842159,0.0
seed_4_1_6.xosc,4,-0.059023697,-0.0705713778734207,0,-0.149534970521927,0.0
seed_4_1_6.xosc,4,-0.119828336,-0.102620624005795,0,-0.0869853720068932,0.0
seed_4_1_6.xosc,4,-0.05759446,-0.0823323205113411,0,-0.0699383988976479,0.0
seed_4_1_6.xosc,4,-0.030077806,-0.0361730866134167,0,-0.0524823740124702,0.0
seed_4_1_6.xosc,4,-0.029259434,-0.0587160438299179,0,-0.0355961918830872,0.002462241798639297
seed_4_1_6.xosc,4,-0.023220561,-0.0258388966321945,0,-0.0212160274386406,-0.4389917254447937
seed_4_1_6.xosc,4,-0.04027376,-0.00888943020254374,0,-0.0118109621107578,-0.5711273550987244
seed_4_1_6.xosc,4,-0.022488056,-0.0137450844049454,0,-0.00766378501430154,-1.277887225151062
seed_4_1_6.xosc,4,-0.008085498,-0.0271450821310282,0,-0.00412829266861081,-2.068989992141724
seed_4_1_6.xosc,4,-0.03857187,-0.0425021946430206,0,-0.00259312056005001,0.6294323205947876
seed_4_1_6.xosc,4,-0.0021892106,-0.0168217550963163,0,0.00140586495399475,-3.2000000476837163
seed_4_1_6.xosc,4,-0.029489161,-0.0510302819311619,0,-0.0439771190285683,-3.2000000476837163
seed_4_1_6.xosc,4,-0.057733104,-0.0771632269024849,0,-0.027451952919364,-1.9914315938949585
seed_4_1_6.xosc,4,-0.027758388,-0.0268381144851446,0,-0.0222493689507246,-3.2000000476837163
seed_4_1_6.xosc,4,-0.033893373,-0.0498675368726254,0,-0.0182446371763945,-3.2000000476837163
seed_4_1_6.xosc,4,-0.061533213,-0.052038062363863,0,-0.0144793232902884,-3.2000000476837163
seed_4_1_6.xosc,4,-0.06989701,-0.0315518938004971,0,-0.0111799063161016,0.23689675331115725
seed_4_1_6.xosc,4,-0.056801114,-0.0481219030916691,0,-0.00868924148380756,0.004271630197763443
seed_4_1_6.xosc,4,-0.05171004,-0.0515098720788956,0,-0.00653264578431845,0.6021735668182373
seed_4_1_6.xosc,4,-0.08398967,-0.0850413665175438,0,-0.00398198142647743,0.047955445945262916
seed_4_1_6.xosc,4,-0.06504151,-0.0718460753560066,0,-0.00293629080988467,0.004945091437548399
seed_4_1_6.xosc,4,-0.02999983,-0.039287481456995,0,-0.00351861887611449,0.008093615993857384
seed_4_1_6.xosc,4,-0.03224516,0.0117951529100537,0,0.00140586495399475,0.002488039201125502
seed_4_1_6.xosc,4,-0.015520432,-0.0227650329470634,0,-0.00426472816616297,0.002462241798639297
seed_4_1_6.xosc,4,-0.0091805635,-3.60533595085144E-05,0,-0.0190866589546204,0.0
seed_4_1_6.xosc,4,0.0032247948,0.0245167333632708,0,-0.0131163122132421,0.0
seed_4_1_6.xosc,4,0.0086978795,0.0189690347760916,0,-0.0109333405271173,0.0
seed_4_1_6.xosc,4,0.01728394,0.0252007693052292,0,-0.00969448871910572,0.0
seed_4_1_6.xosc,4,0.009717217,0.00418713828548789,0,-0.00745017267763615,0.0
seed_4_1_6.xosc,4,0.04730848,0.048059307038784,0,-0.00591582013294101,0.0
seed_4_1_6.xosc,4,0.045558415,0.0397107340395451,0,-0.00475659314543009,0.0
seed_4_1_6.xosc,4,0.02343113,0.0291081760078669,0,-0.00281568663194776,0.0
seed_4_1_6.xosc,4,0.07910455,0.105092912912369,0,-0.00207627099007368,0.11076588183641434
seed_4_1_6.xosc,4,-0.010621739,-0.0266604050993919,0,-0.00327063165605068,0.40004315972328186
seed_4_1_6.xosc,4,-0.007571236,0.000606991350650787,0,0.0012175147421658,1.3876763582229614
seed_4_1_6.xosc,4,-0.048684686,-0.0371712483465672,0,0.0,1.9066574573516848
seed_4_1_6.xosc,4,0.0120229535,-0.0975345596671104,0,-0.217621058225632,-0.4543488025665283
seed_4_1_6.xosc,4,-0.07278395,-0.0648052841424942,0,-0.150004997849464,-3.2000000476837163
seed_4_1_6.xosc,4,-0.05262432,-0.0537727139890194,0,-0.130058228969574,-0.112220861017704
seed_4_1_6.xosc,4,-0.029236134,-0.0251680966466665,0,-0.109947592020035,0.4235303997993469
seed_4_1_6.xosc,4,-0.0030226014,0.0140200117602944,0,-0.0905893445014954,0.06418430060148239
seed_4_1_6.xosc,4,0.024934795,0.0401830598711968,0,-0.0729576647281647,0.039338834583759315
seed_4_1_6.xosc,4,0.021961529,0.0270419400185347,0,-0.0577268823981285,0.05175410211086273
seed_4_1_6.xosc,4,-0.055405855,-0.0627466961741447,0,-0.0453536249697208,0.21434423327445984
seed_4_1_6.xosc,4,-0.045228124,-0.00693413056433201,0,-0.0354507490992546,0.14256742596626282
seed_4_1_6.xosc,4,-0.014892623,0.00238052639178932,0,-0.0273767430335283,0.1966831535100937
seed_4_1_6.xosc,4,0.009347557,0.00768959475681186,0,-0.021043062210083,3.2000000476837163
seed_4_1_6.xosc,4,0.008732032,-0.0428457781672478,0,-0.016053332015872,1.566158652305603
seed_4_1_6.xosc,4,-0.000994794,-0.0577388815581799,0,-0.0122383534908295,-1.4932725429534912
seed_4_1_6.xosc,4,-0.2770716,-0.284683227539062,0,-0.00939787924289703,-0.2381608933210373
seed_4_1_6.xosc,4,-0.24332307,-0.316876828670502,0,-0.462257713079453,-0.02301702089607716
seed_4_1_6.xosc,4,-0.39135307,-0.429511040449142,0,-0.36207303404808,-0.00575020257383585
seed_4_1_6.xosc,4,-0.266436,-0.225589290261269,0,-0.344190716743469,0.11063736677169801
seed_4_1_6.xosc,4,-0.25742948,-0.251406341791153,0,-0.656392276287079,1.6035655736923218
seed_4_1_6.xosc,4,-0.2460066,-0.22702731192112,0,-0.522901117801666,-0.2576180398464203
seed_4_1_6.xosc,4,-0.35901392,-0.366750717163086,0,-0.461684793233871,-2.401407480239868
seed_4_1_6.xosc,4,-0.19184594,-0.22321991622448,0,-0.398593485355377,-1.7951143980026243
seed_4_1_6.xosc,4,-0.20784149,-0.226875200867653,0,-0.96136736869812,-0.6030970811843872
seed_4_1_6.xosc,4,-0.33140588,-0.339873403310776,0,-0.700246870517731,-1.4462409019470217
seed_4_1_6.xosc,4,-0.34780887,-0.393975496292114,0,-0.492790997028351,-1.6501967906951904
seed_4_1_6.xosc,4,-0.35498175,-0.327362775802612,0,-0.385468363761902,-0.053445003926754005
seed_4_1_6.xosc,4,-0.28410447,-0.233704894781113,0,-0.554627418518066,3.076590776443481
seed_4_1_6.xosc,4,-0.31178948,-0.436145901679993,0,-0.377791941165924,0.2251320481300354
seed_4_1_6.xosc,4,-0.2868862,-0.231690973043442,0,-0.279920309782028,-0.2270102947950363
seed_4_1_6.xosc,4,-0.098738715,-0.0764145031571388,0,-0.532742738723755,-0.04405143857002258
seed_4_1_6.xosc,4,-0.20157641,-0.207805305719376,0,-0.394118309020996,-0.007921399548649788
seed_4_1_6.xosc,4,-0.3168292,-0.370641380548477,0,-0.339661031961441,-0.002542902249842882
seed_4_1_6.xosc,4,-0.2998825,-0.278363913297653,0,-0.294012278318405,0.016204239800572395
seed_4_1_6.xosc,4,-0.4028279,-0.443103134632111,0,-0.250793814659119,0.0
seed_4_1_6.xosc,4,-0.09424814,-0.0882278680801392,0,-0.211817234754562,-0.007126522250473498
seed_4_1_6.xosc,4,-0.18147615,-0.211216643452644,0,-0.180097058415413,-0.007037238217890263
seed_4_1_6.xosc,4,-0.16813134,-0.134651899337769,0,-0.151293903589249,-0.0072538191452622405
seed_4_1_6.xosc,4,-0.22519988,-0.311940670013428,0,-0.531655728816986,-0.0072538191452622405
seed_4_1_6.xosc,4,-0.3896477,-0.415093064308167,0,-0.401922166347504,-0.0072538191452622405
seed_4_1_6.xosc,4,-0.4179292,-0.376751810312271,0,-0.357046335935593,-0.006724492181092501
seed_4_1_6.xosc,4,-0.20348015,-0.27447298169136,0,-0.66206681728363,-0.003518618876114488
seed_4_1_6.xosc,4,-0.43014726,-0.478185623884201,0,-0.50740385055542,-0.002779203467071057
seed_4_1_6.xosc,4,-0.31351396,-0.315055996179581,0,-0.43923419713974,-0.003270631656050682
seed_4_1_6.xosc,4,-0.17681384,-0.122576989233494,0,-0.362499117851257,0.0
seed_4_1_6.xosc,4,-0.28868747,-0.372400015592575,0,-0.492873966693878,0.0
seed_4_1_6.xosc,4,-0.4042437,-0.363746583461761,0,-0.355109304189682,0.0
seed_4_1_6.xosc,4,-0.3926982,-0.432924568653107,0,-0.285552620887756,-0.002462241798639297
seed_4_1_6.xosc,4,-0.32128793,-0.349219501018524,0,-0.216721743345261,0.0
seed_4_1_6.xosc,4,-0.3730372,-0.397492676973343,0,-0.216721743345261,0.0007029324769973755
seed_4_1_6.xosc,4,-0.46400717,-0.421188473701477,0,-0.455207377672195,0.0
seed_4_1_6.xosc,4,-0.44305944,-0.388752490282059,0,-0.288124263286591,0.0
seed_4_1_6.xosc,4,-0.37798,-0.287857443094254,0,-0.21535462141037,0.0
seed_4_1_6.xosc,4,-0.22412664,-0.27483206987381,0,-0.157071977853775,0.0
seed_4_1_6.xosc,4,-0.25181884,-0.255449295043945,0,-0.337011009454727,0.0
seed_4_1_6.xosc,4,-0.23799463,-0.206122368574142,0,-0.230756536126137,0.0
seed_4_1_6.xosc,4,-0.21170954,-0.203158929944038,0,-0.190076366066933,-0.1588774174451828
seed_4_1_6.xosc,4,-0.206103,-0.206243231892586,0,-0.423915416002274,-0.1035681888461113
seed_4_1_6.xosc,4,-0.1774247,-0.183727070689201,0,-0.321994483470917,-0.10354726761579514
seed_4_1_6.xosc,4,-0.36566836,-0.303245961666107,0,-0.27638190984726,-0.10354726761579514
seed_4_1_6.xosc,4,-0.39077318,-0.423517674207687,0,-0.517753481864929,-0.10354726761579514
seed_4_1_6.xosc,4,-0.38776383,-0.342574894428253,0,-0.376999258995056,-0.1035054251551628
seed_4_1_6.xosc,4,-0.39131013,-0.306767255067825,0,-0.302571415901184,-0.0654078796505928
seed_4_1_6.xosc,4,-0.37173373,-0.345329135656357,0,-0.233924001455307,-0.3284585177898407
seed_4_1_6.xosc,4,-0.30246398,-0.280495524406433,0,-0.48355832695961,-2.877238750457764
seed_4_1_6.xosc,4,-0.4536362,-0.503212869167328,0,-0.336696892976761,-1.5627026557922363
seed_4_1_6.xosc,4,-0.41247815,-0.359596878290176,0,-0.281909137964249,1.8379030227661133
